{"layer_depth_00": [7.476637840270996, 79.31536102294922], "layer_depth_01": [3.883495807647705, 7.476653099060059], "layer_depth_02": [2.622951030731201, 3.8835015296936035], "layer_depth_03": [1.9801981449127197, 2.6229538917541504], "layer_depth_04": [1.5904573202133179, 1.980199933052063], "layer_depth_05": [1.3289039134979248, 1.5904585123062134], "layer_depth_06": [1.1416902542114258, 1.328904628753662], "layer_depth_07": [1.0, 1.1412273645401], "frame_size": [512, 512], "extrinsic_re": [0.9933078289031982, 0.0106563875451684, -0.11500435322523117, -0.017659012228250504, -0.012510317377746105, 0.9998030066490173, -0.015410792082548141, 0.0037904931232333183, 0.11481747776269913, 0.0167464017868042, 0.9932454228401184, -0.12412892282009125], "intrinsics_re": [0.9879956245422363, 0.0, 0.504311740398407, 0.0, 0.9879956245422363, 0.5000656247138977, 0.0, 0.0, 1.0]}